{"X":-69.01110707,"Y":-16.40012026}
{"X":-140.99514,"Y":63.15321048}
{"X":-104.0347705,"Y":29.32535507}
{"X":-89.18538,"Y":14.77616}
{"X":-90.45167499,"Y":16.23984016}
{"X":-89.146935,"Y":17.41194001}
{"X":-88.19662627,"Y":13.92896995}
{"X":-85.63816965,"Y":13.99912975}
{"X":-82.79392,"Y":8.86649}
{"X":-84.96140079,"Y":10.97577011}
{"X":-77.35864,"Y":8.22979}
{"X":-67.4797,"Y":3.69092}
{"X":-76.09019992,"Y":-2.085149921}
{"X":-73.77915003,"Y":-7.97410993}
{"X":-68.63373,"Y":-53.7528695}
{"X":-71.120245,"Y":-37.11749015}
{"X":-54.18214412,"Y":-31.76951529}
{"X":-58.29218,"Y":-24.96691}
{"X":-54.36121499,"Y":-24.86650497}
{"X":-60.78402991,"Y":4.727275089}
{"X":-59.89497502,"Y":3.180854879}
{"X":-55.98948,"Y":2.12139}
{"X":-52.40287498,"Y":2.872910051}
{"X":115.3861074,"Y":4.740550455}
{"X":45.21400443,"Y":39.09692518}
{"X":-7.466435083,"Y":54.33477032}
{"X":-14.92215803,"Y":13.40162505}
{"X":35.54543,"Y":32.08825012}
{"X":27.31535204,"Y":-29.50057}
{"X":-11.95300092,"Y":24.62783995}
{"X":-6.212449951,"Y":22.79871456}
{"X":-12.02631005,"Y":13.70840515}
{"X":-13.78573001,"Y":11.97696002}
{"X":-12.03446424,"Y":9.952229986}
{"X":-10.92114501,"Y":7.668079983}
{"X":-7.781924895,"Y":5.916764897}
{"X":9.719985,"Y":27.916225}
{"X":10.293545,"Y":31.56874}
{"X":25.0,"Y":26.35515767}
{"X":-1.589504256,"Y":14.74166496}
{"X":2.165784992,"Y":12.28257976}
{"X":-3.113960013,"Y":6.815079942}
{"X":0.58661,"Y":8.49485}
{"X":1.641714998,"Y":7.980309882}
{"X":3.06633,"Y":9.290885}
{"X":12.85458001,"Y":9.06776504}
{"X":30.933115,"Y":22.00000003}
{"X":15.27410001,"Y":17.2776202}
{"X":22.23993501,"Y":13.57939997}
{"X":14.71465,"Y":4.4715}
{"X":11.28071805,"Y":1.664490496}
{"X":14.37094002,"Y":-0.943005136}
{"X":17.58116505,"Y":-0.584334856}
{"X":25.4604,"Y":7.23969}
{"X":41.376875,"Y":13.61271}
{"X":41.83087999,"Y":11.86559999}
{"X":30.21904828,"Y":-1.237974961}
{"X":30.78723502,"Y":-1.993079796}
{"X":21.91078385,"Y":-14.49567032}
{"X":19.89561,"Y":-23.30846048}
{"X":30.68113922,"Y":-26.56594466}
{"X":28.724715,"Y":-22.45955}
{"X":32.63345,"Y":-19.04572497}
{"X":31.84151,"Y":-24.92685}
{"X":-7.28262,"Y":39.67073}
{"X":-1.020172809,"Y":42.91486501}
{"X":8.904124899,"Y":54.89680502}
{"X":6.032547598,"Y":46.57771525}
{"X":13.15246999,"Y":50.608655}
{"X":10.40304998,"Y":46.6885649}
{"X":13.75228494,"Y":46.26303971}
{"X":23.51753,"Y":51.80105998}
{"X":27.81266503,"Y":57.00177483}
{"X":27.568425,"Y":58.25824002}
{"X":32.06843,"Y":53.70605}
{"X":6.716125149,"Y":52.04023022}
{"X":3.773891896,"Y":50.25351503}
{"X":6.218730118,"Y":49.71586034}
{"X":22.70438496,"Y":54.71965488}
{"X":26.178365,"Y":55.007065}
{"X":15.1530826,"Y":49.01778997}
{"X":16.43742515,"Y":47.60452984}
{"X":21.86312492,"Y":47.33333489}
{"X":16.34804999,"Y":44.19618502}
{"X":21.67859354,"Y":48.374915}
{"X":15.72013,"Y":46.03615501}
{"X":27.839605,"Y":47.107785}
{"X":21.52275501,"Y":44.97505997}
{"X":22.79541,"Y":43.05485}
{"X":29.73426,"Y":46.801485}
{"X":39.35648577,"Y":49.75835499}
{"X":22.91293921,"Y":41.70539513}
{"X":20.49247191,"Y":41.42655034}
{"X":26.44939508,"Y":41.24919016}
{"X":20.64499998,"Y":40.27249989}
{"X":44.26533004,"Y":38.85470984}
{"X":45.62333002,"Y":42.29760497}
{"X":29.99457,"Y":64.57656}
{"X":46.93860273,"Y":39.04139}
{"X":35.171765,"Y":30.30069}
{"X":37.500505,"Y":31.008455}
{"X":42.68275646,"Y":30.62453507}
{"X":45.76301492,"Y":33.49255011}
{"X":60.90280497,"Y":31.86549528}
{"X":53.5,"Y":19.5}
{"X":47.98311575,"Y":17.87333011}
{"X":23.55268,"Y":67.16603986}
{"X":47.57752622,"Y":28.77727503}
{"X":50.90715436,"Y":24.69106508}
{"X":56.16594,"Y":25.885035}
{"X":51.72545928,"Y":23.72923983}
{"X":46.87337655,"Y":48.06897011}
{"X":62.76627561,"Y":39.81718507}
{"X":64.64630998,"Y":36.71194492}
{"X":70.13634374,"Y":33.67368476}
{"X":76.75511667,"Y":40.81427503}
{"X":74.69545998,"Y":38.44233997}
{"X":72.33863995,"Y":28.47539015}
{"X":90.71699903,"Y":25.15497033}
{"X":84.066775,"Y":29.080055}
{"X":91.47778011,"Y":27.90617993}
{"X":92.47776509,"Y":21.39976996}
{"X":98.02574496,"Y":19.1676499}
{"X":105.184165,"Y":16.00609}
{"X":105.5101801,"Y":18.0761399}
{"X":107.55297,"Y":12.93638028}
{"X":106.6011208,"Y":22.34147467}
{"X":101.9710777,"Y":6.007835136}
{"X":114.9838217,"Y":2.413985211}
{"X":119.3224346,"Y":47.39547}
{"X":91.76319241,"Y":50.65636987}
{"X":126.3561245,"Y":41.28705491}
{"X":126.8938672,"Y":38.04824502}
{"X":125.07927,"Y":-9.241585105}
{"X":141.0254543,"Y":-7.48845733}
{"X":12.53494919,"Y":-5.143155231}
{"X":19.52688008,"Y":43.80329026}
{"X":48.285825,"Y":41.60735}
{"X":41.19508007,"Y":35.02385521}
{"X":35.50722639,"Y":33.17759001}
{"X":33.92882806,"Y":35.07316954}
{"X":20.14918504,"Y":43.00227998}
{"X":45.750955,"Y":40.05924}
{"X":-83.0701117,"Y":45.58140504}
{"X":35.04605995,"Y":11.70090992}
{"X":46.37651014,"Y":6.50231015}
{"X":40.39940948,"Y":4.088054914}
{"X":33.89864008,"Y":-0.420093115}
{"X":-13.19603655,"Y":24.23056265}
{"X":13.7378,"Y":64.61623}
{"X":38.99738928,"Y":-11.08282997}
{"X":32.83996,"Y":-13.24835}
{"X":33.4467459,"Y":-14.16590988}
{"X":29.43,"Y":-4.96}
{"X":30.62889,"Y":-3.46394}
{"X":21.55904724,"Y":42.747725}
{"X":-71.66309496,"Y":18.9776452}
{"X":48.93818119,"Y":9.712624682}
{"X":-69.72443171,"Y":-17.83635675}
{"X":34.59402,"Y":30.360345}
{"X":35.63378876,"Y":32.55341034}
{"X":36.33912,"Y":34.013345}
{"X":35.05754253,"Y":32.13028477}
{"X":35.82874,"Y":33.07277008}
{"X":32.21981411,"Y":10.90036897}
{"X":26.614667,"Y":9.509811962}
{"X":28.23993424,"Y":4.33821504}
{"X":27.90221995,"Y":9.50122844}
{"X":34.95910169,"Y":5.176561371}
{"X":35.81744766,"Y":5.057598509}
{"X":32.47561998,"Y":-9.080479992}
{"X":34.41999455,"Y":-10.84001012}
{"X":-1.560750046,"Y":33.39186514}
{"X":-5.651379961,"Y":29.86607001}
{"X":76.04487497,"Y":36.28260509}
{"X":80.793985,"Y":29.95667}
{"X":78.37487,"Y":34.907975}
{"X":93.27281521,"Y":28.52584496}
{"X":-57.88724496,"Y":4.694714817}
{"X":-54.43908001,"Y":4.554680064}
{"X":-56.844745,"Y":2.334235}
{"X":-54.22571498,"Y":2.961090088}
{"X":43.48786993,"Y":9.36203007}
{"X":40.987025,"Y":0.963114992}
{"X":73.92710999,"Y":33.87958002}
{"X":34.54575753,"Y":45.98853975}